								,
								,
								,
								,
								,
								,
								,
								,
								,
								,
								,
								,
								,
								,
								,
								,
								,
								,
								,
								,
								,
								,
								,
								,
,
,
2017-12-07,2017-12-24,3,f,da,asd,0000 000 000,United States,no
,,2,asda,asdas,asda,0000 000 000,Australia,no
2017-12-15,2017-12-24,2,weawe,aweawe,weqawe,0000 000 000,France,no
2017-12-21,2017-12-22,1,asdas,asdasd,dasdas,0000 000 000,France,no
2017-12-23,2017-12-14,2,asdasd,dasasda,sadasd,0000 000 000,Australia,no
2017-12-07,2017-12-08,2,asdsa,asdasd,asdasd,asdasd,Australia,no
2017-12-07,2017-12-08,2,asdsa,asdasd,asdasd,asdasd,Australia,no
2017-12-07,2017-12-08,2,asdsa,asdasd,asdasd,asdasd,Australia,no
2017-12-07,2017-12-08,2,asdsa,asdasd,asdasd,asdasd,Australia,no
2017-12-07,2017-12-08,2,asdsa,asdasd,asdasd,asdasd,Australia,no
2017-12-07,2017-12-08,2,asdsa,asdasd,asdasd,asdasd,Australia,no
2017-12-07,2017-12-08,2,asdsa,asdasd,asdasd,asdasd,Australia,no
2017-12-07,2017-12-08,2,asdsa,asdasd,asdasd,asdasd,Australia,no
2017-12-07,2017-12-08,2,asdsa,asdasd,asdasd,asdasd,Australia,no
2017-12-07,2017-12-15,2,asdsad,asdas,asdas,asdas,France,no
2017-12-22,2017-12-16,2,sadsa,asdas,adssa,0000 000 000,Australia,no
2017-12-08,2017-12-24,2,dsaad,sadasd,sada,0000 000 000,Germany,no
